Workbook

Sheet Anleitung
A1: LSEG Implied Volatility Download (30-Tage ATM, Call + Put), Dow 30, 2016 bis heute
A3: 1. LSEG Workspace öffnen und einloggen (Uni-Account).
A4: 2. Diese Datei in Excel öffnen. Der Reiter 'LSEG' bzw. 'Workspace' muss sichtbar sein, dort ggf. einloggen.
A5: 3. Im LSEG-Reiter auf 'Refresh' / 'Refresh All' klicken (oder Strg+Alt+F9).
A6: Zeigt eine Zelle #NAME?: Zelle A3 auf dem Blatt anklicken, F2 drücken, Enter. Dann lädt die Formel.
A7: 4. Warten, bis alle 30 Blätter gefüllt sind. Blatt 'Kontrolle' zeigt pro Aktie die Anzahl Zeilen (Ziel: ca. 2.700).
A8: 5. ALLES ALS WERTE SPEICHERN: Datei > Speichern unter > neue Datei 'LSEG_IV_values.xlsx'.
A9: Dann in der neuen Datei auf jedem Aktien-Blatt: Strg+A, Strg+C, Rechtsklick > Einfügen als Werte.
A10: (Alternative: LSEG-Reiter > 'Convert to values' / 'Remove formulas', falls vorhanden.)
A11: 6. Im Projektordner: python lseg/convert_lseg_excel.py LSEG_IV_values.xlsx -> erzeugt data/lseg/iv.csv
A12: Oder die Datei an Claude schicken.
A14: Hinweise
... A18: - Formel-Aufbau: =RDP.Data(RIC; "TR.30DAYATTHEMONEYIMPLIEDVOLATILITYINDEXFORCALLOPTIONS.date;TR.30DAYATTHEMONEYIMPLIEDVOLATILITYINDEXFORCALLOPTIONS;TR.30DAYATTHEMONEYIMPLIEDVOLATILITYINDEXFORPUTOPTIONS"; "Frq=D SDate=2016-01-01 EDate=2026-10-16 CH=Fd")

Sheet Kontrolle
A1: Ticker | B1: RIC | C1: Zeilen mit Call-IV | D1: Zeilen mit Put-IV
A2: AAPL | B2: AAPLATMIV.U | C2: =COUNT(AAPL!B:B) -> 3128 | D2: =COUNT(AAPL!C:C) -> 3128
A3: AMGN | B3: AMGNATMIV.U | C3: =COUNT(AMGN!B:B) -> 2816 | D3: =COUNT(AMGN!C:C) -> 2816
A4: AMZN | B4: AMZNATMIV.U | C4: =COUNT(AMZN!B:B) -> 3127 | D4: =COUNT(AMZN!C:C) -> 3127
A5: AXP | B5: AXPATMIV.U | C5: =COUNT(AXP!B:B) -> 3129 | D5: =COUNT(AXP!C:C) -> 3129
A6: BA | B6: BAATMIV.U | C6: =COUNT(BA!B:B) -> 2816 | D6: =COUNT(BA!C:C) -> 2816
A7: CAT | B7: CATATMIV.U | C7: =COUNT(CAT!B:B) -> 2816 | D7: =COUNT(CAT!C:C) -> 2816
A8: CRM | B8: CRMATMIV.U | C8: =COUNT(CRM!B:B) -> 2816 | D8: =COUNT(CRM!C:C) -> 2816
A9: CSCO | B9: CSCOATMIV.U | C9: =COUNT(CSCO!B:B) -> 2816 | D9: =COUNT(CSCO!C:C) -> 2816
A10: CVX | B10: CVXATMIV.U | C10: =COUNT(CVX!B:B) -> 2816 | D10: =COUNT(CVX!C:C) -> 2816
A11: DIS | B11: DISATMIV.U | C11: =COUNT(DIS!B:B) -> 2816 | D11: =COUNT(DIS!C:C) -> 2816
A12: GS | B12: GSATMIV.U | C12: =COUNT(GS!B:B) -> 2816 | D12: =COUNT(GS!C:C) -> 2816
A13: HD | B13: HDATMIV.U | C13: =COUNT(HD!B:B) -> 2816 | D13: =COUNT(HD!C:C) -> 2816
A14: HON | B14: HONATMIV.U | C14: =COUNT(HON!B:B) -> 2816 | D14: =COUNT(HON!C:C) -> 2816
A15: IBM | B15: IBMATMIV.U | C15: =COUNT(IBM!B:B) -> 2816 | D15: =COUNT(IBM!C:C) -> 2816
A16: JNJ | B16: JNJATMIV.U | C16: =COUNT(JNJ!B:B) -> 0 | D16: =COUNT(JNJ!C:C) -> 0
A17: JPM | B17: JPMATMIV.U | C17: =COUNT(JPM!B:B) -> 2816 | D17: =COUNT(JPM!C:C) -> 2816
A18: KO | B18: KOATMIV.U | C18: =COUNT(KO!B:B) -> 0 | D18: =COUNT(KO!C:C) -> 0
A19: MCD | B19: MCDATMIV.U | C19: =COUNT(MCD!B:B) -> 2816 | D19: =COUNT(MCD!C:C) -> 2816
A20: MMM | B20: MMMATMIV.U | C20: =COUNT(MMM!B:B) -> 734 | D20: =COUNT(MMM!C:C) -> 734
A21: MRK | B21: MRKATMIV.U | C21: =COUNT(MRK!B:B) -> 2816 | D21: =COUNT(MRK!C:C) -> 2816
A22: MSFT | B22: MSFTATMIV.U | C22: =COUNT(MSFT!B:B) -> 2816 | D22: =COUNT(MSFT!C:C) -> 2816
A23: NKE | B23: NKEATMIV.U | C23: =COUNT(NKE!B:B) -> 2816 | D23: =COUNT(NKE!C:C) -> 2816
A24: NVDA | B24: NVDAATMIV.U | C24: =COUNT(NVDA!B:B) -> 2816 | D24: =COUNT(NVDA!C:C) -> 2816
A25: PG | B25: PGATMIV.U | C25: =COUNT(PG!B:B) -> 2816 | D25: =COUNT(PG!C:C) -> 2816
A26: SHW | B26: SHWATMIV.U | C26: =COUNT(SHW!B:B) -> 2816 | D26: =COUNT(SHW!C:C) -> 2816
A27: TRV | B27: TRVATMIV.U | C27: =COUNT(TRV!B:B) -> 2816 | D27: =COUNT(TRV!C:C) -> 2816
A28: UNH | B28: UNHATMIV.U | C28: =COUNT(UNH!B:B) -> 2816 | D28: =COUNT(UNH!C:C) -> 2816
A29: V | B29: VATMIV.U | C29: =COUNT(V!B:B) -> 2816 | D29: =COUNT(V!C:C) -> 2816
A30: VZ | B30: VZATMIV.U | C30: =COUNT(VZ!B:B) -> 2816 | D30: =COUNT(VZ!C:C) -> 2816
A31: WMT | B31: WMTATMIV.U | C31: =COUNT(WMT!B:B) -> 2816 | D31: =COUNT(WMT!C:C) -> 2816

Sheet AAPL
A1: AAPL | AAPLATMIV.U
A3: =_xll.RDP.Data("AAPLATMIV.U","TR.30DAYATTHEMONEYIMPLIEDVOLATILITYINDEXFORCALLOPTIONS.date;TR.30DAYATTHEMONEYIMPLIEDVOLATILITYINDEXFORCALLOPTIONS;TR.30DAYATTHEMONEYIMPLIEDVOLATILITYINDEXFORPUTOPTIONS","Frq=D SDate=2016-01-01 EDate=2026-10-16 CH=Fd") -> Date | B3: 30 Day At-The-Money Implied Volatility Index for Call Options | C3: 30 Day At-The-Money Implied Volatility Index for Put Options
A4: 42369 | B4: 31.27 | C4: 31.27
A5: 42373 | B5: 33.33 | C5: 33.33
A6: 42374 | B6: 34.93 | C6: 34.93
A7: 42375 | B7: 36.68 | C7: 36.68
A8: 42376 | B8: 40.77 | C8: 40.77
A9: 42377 | B9: 38.67 | C9: 38.67
A10: 42380 | B10: 36.66 | C10: 36.66
A11: 42381 | B11: 34.63 | C11: 34.63
A12: 42382 | B12: 38.01 | C12: 38.01
A13: 42383 | B13: 33.52 | C13: 33.52
A14: 42384 | B14: 38.19 | C14: 38.19
A15: 42386 | B15: 38.19 | C15: 38.19
... A3131: 46311 | B3131: 27.6 | C3131: 27.6

Sheet AMGN
A1: AMGN | AMGNATMIV.U
A3: =_xll.RDP.Data("AMGNATMIV.U","TR.30DAYATTHEMONEYIMPLIEDVOLATILITYINDEXFORCALLOPTIONS.date;TR.30DAYATTHEMONEYIMPLIEDVOLATILITYINDEXFORCALLOPTIONS;TR.30DAYATTHEMONEYIMPLIEDVOLATILITYINDEXFORPUTOPTIONS","Frq=D SDate=2016-01-01 EDate=2026-10-16 CH=Fd") -> Date | B3: 30 Day At-The-Money Implied Volatility Index for Call Options | C3: 30 Day At-The-Money Implied Volatility Index for Put Options
A4: 42369 | B4: 26.58 | C4: 26.58
A5: 42373 | B5: 31.05 | C5: 31.05
A6: 42374 | B6: 29.56 | C6: 29.56
A7: 42375 | B7: 31.21 | C7: 31.21
A8: 42376 | B8: 33.74 | C8: 33.74
A9: 42377 | B9: 34.05 | C9: 34.05
A10: 42380 | B10: 34.17 | C10: 34.17
A11: 42381 | B11: 31.17 | C11: 31.17
A12: 42382 | B12: 34.49 | C12: 34.49
A13: 42383 | B13: 31.22 | C13: 31.22
A14: 42384 | B14: 34.23 | C14: 34.23
A15: 42384 | B15: 34.23 | C15: 34.23
... A2819: 46311 | B2819: 32.08 | C2819: 32.08

Sheet AMZN
A1: AMZN | AMZNATMIV.U
A3: =_xll.RDP.Data("AMZNATMIV.U","TR.30DAYATTHEMONEYIMPLIEDVOLATILITYINDEXFORCALLOPTIONS.date;TR.30DAYATTHEMONEYIMPLIEDVOLATILITYINDEXFORCALLOPTIONS;TR.30DAYATTHEMONEYIMPLIEDVOLATILITYINDEXFORPUTOPTIONS","Frq=D SDate=2016-01-01 EDate=2026-10-16 CH=Fd") -> Date | B3: 30 Day At-The-Money Implied Volatility Index for Call Options | C3: 30 Day At-The-Money Implied Volatility Index for Put Options
A4: 42369 | B4: 41.44 | C4: 41.44
A5: 42373 | B5: 48.66 | C5: 48.66
A6: 42374 | B6: 47.55 | C6: 47.55
A7: 42375 | B7: 47.15 | C7: 47.15
A8: 42376 | B8: 49.53 | C8: 49.53
A9: 42377 | B9: 48.37 | C9: 48.37
A10: 42380 | B10: 47.72 | C10: 47.72
A11: 42381 | B11: 45.45 | C11: 45.45
A12: 42382 | B12: 50.8 | C12: 50.8
A13: 42383 | B13: 45.5 | C13: 45.5
A14: 42384 | B14: 49.47 | C14: 49.47
A15: 42386 | B15: 49.47 | C15: 49.47
... A3130: 46311 | B3130: 40.41 | C3130: 40.41

Sheet AXP
A1: AXP | AXPATMIV.U
A3: =_xll.RDP.Data("AXPATMIV.U","TR.30DAYATTHEMONEYIMPLIEDVOLATILITYINDEXFORCALLOPTIONS.date;TR.30DAYATTHEMONEYIMPLIEDVOLATILITYINDEXFORCALLOPTIONS;TR.30DAYATTHEMONEYIMPLIEDVOLATILITYINDEXFORPUTOPTIONS","Frq=D SDate=2016-01-01 EDate=2026-10-16 CH=Fd") -> Date | B3: 30 Day At-The-Money Implied Volatility Index for Call Options | C3: 30 Day At-The-Money Implied Volatility Index for Put Options
A4: 42369 | B4: 21.15 | C4: 21.15
A5: 42373 | B5: 25.21 | C5: 25.21
A6: 42374 | B6: 25.29 | C6: 25.29
A7: 42375 | B7: 26.56 | C7: 26.56
A8: 42376 | B8: 27.83 | C8: 27.83
A9: 42377 | B9: 27.67 | C9: 27.67
A10: 42380 | B10: 26.24 | C10: 26.24
A11: 42381 | B11: 25.07 | C11: 25.07
A12: 42382 | B12: 27.57 | C12: 27.57
A13: 42383 | B13: 25.66 | C13: 25.66
A14: 42384 | B14: 27.98 | C14: 27.98
A15: 42386 | B15: 27.98 | C15: 27.98
... A3132: 46311 | B3132: 29.59 | C3132: 29.59

Sheet BA
A1: BA | BAATMIV.U
A3: =_xll.RDP.Data("BAATMIV.U","TR.30DAYATTHEMONEYIMPLIEDVOLATILITYINDEXFORCALLOPTIONS.date;TR.30DAYATTHEMONEYIMPLIEDVOLATILITYINDEXFORCALLOPTIONS;TR.30DAYATTHEMONEYIMPLIEDVOLATILITYINDEXFORPUTOPTIONS","Frq=D SDate=2016-01-01 EDate=2026-10-16 CH=Fd") -> Date | B3: 30 Day At-The-Money Implied Volatility Index for Call Options | C3: 30 Day At-The-Money Implied Volatility Index for Put Options
A4: 42369 | B4: 21.92 | C4: 21.92
A5: 42373 | B5: 25.36 | C5: 25.36
A6: 42374 | B6: 25.36 | C6: 25.36
A7: 42375 | B7: 26.26 | C7: 26.26
A8: 42376 | B8: 30.27 | C8: 30.27
A9: 42377 | B9: 30.55 | C9: 30.55
A10: 42380 | B10: 29.37 | C10: 29.37
A11: 42381 | B11: 27.99 | C11: 27.99
A12: 42382 | B12: 29.88 | C12: 29.88
A13: 42383 | B13: 28.18 | C13: 28.18
A14: 42384 | B14: 31.91 | C14: 31.91
A15: 42384 | B15: 31.91 | C15: 31.91
... A2819: 46311 | B2819: 36.27 | C2819: 36.27

Sheet CAT
A1: CAT | CATATMIV.U
A3: =_xll.RDP.Data("CATATMIV.U","TR.30DAYATTHEMONEYIMPLIEDVOLATILITYINDEXFORCALLOPTIONS.date;TR.30DAYATTHEMONEYIMPLIEDVOLATILITYINDEXFORCALLOPTIONS;TR.30DAYATTHEMONEYIMPLIEDVOLATILITYINDEXFORPUTOPTIONS","Frq=D SDate=2016-01-01 EDate=2026-10-16 CH=Fd") -> Date | B3: 30 Day At-The-Money Implied Volatility Index for Call Options | C3: 30 Day At-The-Money Implied Volatility Index for Put Options
A4: 42369 | B4: 29.21 | C4: 29.21
A5: 42373 | B5: 31.84 | C5: 31.84
A6: 42374 | B6: 32.09 | C6: 32.09
A7: 42375 | B7: 32.94 | C7: 32.94
A8: 42376 | B8: 37.01 | C8: 37.01
A9: 42377 | B9: 37.63 | C9: 37.63
A10: 42380 | B10: 37.69 | C10: 37.69
A11: 42381 | B11: 35.94 | C11: 35.94
A12: 42382 | B12: 37.1 | C12: 37.1
A13: 42383 | B13: 34.43 | C13: 34.43
A14: 42384 | B14: 38.5 | C14: 38.5
A15: 42384 | B15: 38.5 | C15: 38.5
... A2819: 46311 | B2819: 46.43 | C2819: 46.43

Sheet CRM
A1: CRM | CRMATMIV.U
A3: =_xll.RDP.Data("CRMATMIV.U","TR.30DAYATTHEMONEYIMPLIEDVOLATILITYINDEXFORCALLOPTIONS.date;TR.30DAYATTHEMONEYIMPLIEDVOLATILITYINDEXFORCALLOPTIONS;TR.30DAYATTHEMONEYIMPLIEDVOLATILITYINDEXFORPUTOPTIONS","Frq=D SDate=2016-01-01 EDate=2026-10-16 CH=Fd") -> Date | B3: 30 Day At-The-Money Implied Volatility Index for Call Options | C3: 30 Day At-The-Money Implied Volatility Index for Put Options
A4: 42369 | B4: 25.28 | C4: 25.28
A5: 42373 | B5: 28.58 | C5: 28.58
A6: 42374 | B6: 27.42 | C6: 27.42
A7: 42375 | B7: 28.63 | C7: 28.63
A8: 42376 | B8: 31.64 | C8: 31.64
A9: 42377 | B9: 32.26 | C9: 32.26
A10: 42380 | B10: 32.13 | C10: 32.13
A11: 42381 | B11: 30.69 | C11: 30.69
A12: 42382 | B12: 32.12 | C12: 32.12
A13: 42383 | B13: 31.48 | C13: 31.48
A14: 42384 | B14: 34.14 | C14: 34.14
A15: 42384 | B15: 34.14 | C15: 34.14
... A2819: 46311 | B2819: 41.91 | C2819: 41.91

Sheet CSCO
A1: CSCO | CSCOATMIV.U
A3: =_xll.RDP.Data("CSCOATMIV.U","TR.30DAYATTHEMONEYIMPLIEDVOLATILITYINDEXFORCALLOPTIONS.date;TR.30DAYATTHEMONEYIMPLIEDVOLATILITYINDEXFORCALLOPTIONS;TR.30DAYATTHEMONEYIMPLIEDVOLATILITYINDEXFORPUTOPTIONS","Frq=D SDate=2016-01-01 EDate=2026-10-16 CH=Fd") -> Date | B3: 30 Day At-The-Money Implied Volatility Index for Call Options | C3: 30 Day At-The-Money Implied Volatility Index for Put Options
A4: 42369 | B4: 19.2 | C4: 19.2
A5: 42373 | B5: 22.4 | C5: 22.4
A6: 42374 | B6: 21.13 | C6: 21.13
A7: 42375 | B7: 22.06 | C7: 22.06
A8: 42376 | B8: 27.51 | C8: 27.51
A9: 42377 | B9: 28.7 | C9: 28.7
A10: 42380 | B10: 28.12 | C10: 28.12
A11: 42381 | B11: 28.27 | C11: 28.27
A12: 42382 | B12: 32.1 | C12: 32.1
A13: 42383 | B13: 29.28 | C13: 29.28
A14: 42384 | B14: 32.03 | C14: 32.03
A15: 42384 | B15: 32.03 | C15: 32.03
... A2819: 46311 | B2819: 44.88 | C2819: 44.88

Sheet CVX
A1: CVX | CVXATMIV.U
A3: =_xll.RDP.Data("CVXATMIV.U","TR.30DAYATTHEMONEYIMPLIEDVOLATILITYINDEXFORCALLOPTIONS.date;TR.30DAYATTHEMONEYIMPLIEDVOLATILITYINDEXFORCALLOPTIONS;TR.30DAYATTHEMONEYIMPLIEDVOLATILITYINDEXFORPUTOPTIONS","Frq=D SDate=2016-01-01 EDate=2026-10-16 CH=Fd") -> Date | B3: 30 Day At-The-Money Implied Volatility Index for Call Options | C3: 30 Day At-The-Money Implied Volatility Index for Put Options
A4: 42369 | B4: 30.35 | C4: 30.35
A5: 42373 | B5: 33.56 | C5: 33.56
A6: 42374 | B6: 31.65 | C6: 31.65
A7: 42375 | B7: 36.68 | C7: 36.68
A8: 42376 | B8: 41.79 | C8: 41.79
A9: 42377 | B9: 42.34 | C9: 42.34
A10: 42380 | B10: 42.45 | C10: 42.45
A11: 42381 | B11: 43.23 | C11: 43.23
A12: 42382 | B12: 43.32 | C12: 43.32
A13: 42383 | B13: 37.16 | C13: 37.16
A14: 42384 | B14: 39.26 | C14: 39.26
A15: 42384 | B15: 39.26 | C15: 39.26
... A2819: 46311 | B2819: 28.32 | C2819: 28.32

Sheet DIS
A1: DIS | DISATMIV.U
A3: =_xll.RDP.Data("DISATMIV.U","TR.30DAYATTHEMONEYIMPLIEDVOLATILITYINDEXFORCALLOPTIONS.date;TR.30DAYATTHEMONEYIMPLIEDVOLATILITYINDEXFORCALLOPTIONS;TR.30DAYATTHEMONEYIMPLIEDVOLATILITYINDEXFORPUTOPTIONS","Frq=D SDate=2016-01-01 EDate=2026-10-16 CH=Fd") -> Date | B3: 30 Day At-The-Money Implied Volatility Index for Call Options | C3: 30 Day At-The-Money Implied Volatility Index for Put Options
A4: 42369 | B4: 23.74 | C4: 23.74
A5: 42373 | B5: 25.05 | C5: 25.05
A6: 42374 | B6: 24.96 | C6: 24.96
A7: 42375 | B7: 24.33 | C7: 24.33
A8: 42376 | B8: 27.85 | C8: 27.85
A9: 42377 | B9: 27.87 | C9: 27.87
A10: 42380 | B10: 27.95 | C10: 27.95
A11: 42381 | B11: 27.54 | C11: 27.54
A12: 42382 | B12: 31.08 | C12: 31.08
A13: 42383 | B13: 29.43 | C13: 29.43
A14: 42384 | B14: 33.21 | C14: 33.21
A15: 42384 | B15: 33.21 | C15: 33.21
... A2819: 46311 | B2819: 29.17 | C2819: 29.17

Sheet GS
A1: GS | GSATMIV.U
A3: =_xll.RDP.Data("GSATMIV.U","TR.30DAYATTHEMONEYIMPLIEDVOLATILITYINDEXFORCALLOPTIONS.date;TR.30DAYATTHEMONEYIMPLIEDVOLATILITYINDEXFORCALLOPTIONS;TR.30DAYATTHEMONEYIMPLIEDVOLATILITYINDEXFORPUTOPTIONS","Frq=D SDate=2016-01-01 EDate=2026-10-16 CH=Fd") -> Date | B3: 30 Day At-The-Money Implied Volatility Index for Call Options | C3: 30 Day At-The-Money Implied Volatility Index for Put Options
A4: 42369 | B4: 23.39 | C4: 23.39
A5: 42373 | B5: 25.9 | C5: 25.9
A6: 42374 | B6: 26.97 | C6: 26.97
A7: 42375 | B7: 28.29 | C7: 28.29
A8: 42376 | B8: 32.3 | C8: 32.3
A9: 42377 | B9: 32.04 | C9: 32.04
A10: 42380 | B10: 30.95 | C10: 30.95
A11: 42381 | B11: 29.59 | C11: 29.59
A12: 42382 | B12: 32.64 | C12: 32.64
A13: 42383 | B13: 29.59 | C13: 29.59
A14: 42384 | B14: 33.22 | C14: 33.22
A15: 42384 | B15: 33.22 | C15: 33.22
... A2819: 46311 | B2819: 30.88 | C2819: 30.88

Sheet HD
A1: HD | HDATMIV.U
A3: =_xll.RDP.Data("HDATMIV.U","TR.30DAYATTHEMONEYIMPLIEDVOLATILITYINDEXFORCALLOPTIONS.date;TR.30DAYATTHEMONEYIMPLIEDVOLATILITYINDEXFORCALLOPTIONS;TR.30DAYATTHEMONEYIMPLIEDVOLATILITYINDEXFORPUTOPTIONS","Frq=D SDate=2016-01-01 EDate=2026-10-16 CH=Fd") -> Date | B3: 30 Day At-The-Money Implied Volatility Index for Call Options | C3: 30 Day At-The-Money Implied Volatility Index for Put Options
A4: 42369 | B4: 16.64 | C4: 16.64
A5: 42373 | B5: 19.05 | C5: 19.05
A6: 42374 | B6: 18.72 | C6: 18.72
A7: 42375 | B7: 19.53 | C7: 19.53
A8: 42376 | B8: 22.44 | C8: 22.44
A9: 42377 | B9: 23.49 | C9: 23.49
A10: 42380 | B10: 21.88 | C10: 21.88
A11: 42381 | B11: 20.83 | C11: 20.83
A12: 42382 | B12: 25.83 | C12: 25.83
A13: 42383 | B13: 25.1 | C13: 25.1
A14: 42384 | B14: 26.07 | C14: 26.07
A15: 42384 | B15: 26.07 | C15: 26.07
... A2819: 46311 | B2819: 30.24 | C2819: 30.24

Sheet HON
A1: HON | HONATMIV.U
A3: =_xll.RDP.Data("HONATMIV.U","TR.30DAYATTHEMONEYIMPLIEDVOLATILITYINDEXFORCALLOPTIONS.date;TR.30DAYATTHEMONEYIMPLIEDVOLATILITYINDEXFORCALLOPTIONS;TR.30DAYATTHEMONEYIMPLIEDVOLATILITYINDEXFORPUTOPTIONS","Frq=D SDate=2016-01-01 EDate=2026-10-16 CH=Fd") -> Date | B3: 30 Day At-The-Money Implied Volatility Index for Call Options | C3: 30 Day At-The-Money Implied Volatility Index for Put Options
A4: 42369 | B4: 18.02 | C4: 18.02
A5: 42373 | B5: 21.16 | C5: 21.16
A6: 42374 | B6: 20.32 | C6: 20.32
A7: 42375 | B7: 21.5 | C7: 21.5
A8: 42376 | B8: 24.74 | C8: 24.74
A9: 42377 | B9: 25.22 | C9: 25.22
A10: 42380 | B10: 24.41 | C10: 24.41
A11: 42381 | B11: 22.88 | C11: 22.88
A12: 42382 | B12: 25.29 | C12: 25.29
A13: 42383 | B13: 22.13 | C13: 22.13
A14: 42384 | B14: 25.86 | C14: 25.86
A15: 42384 | B15: 25.86 | C15: 25.86
... A2819: 46311 | B2819: 32.76 | C2819: 32.76

Sheet IBM
A1: IBM | IBMATMIV.U
A3: =_xll.RDP.Data("IBMATMIV.U","TR.30DAYATTHEMONEYIMPLIEDVOLATILITYINDEXFORCALLOPTIONS.date;TR.30DAYATTHEMONEYIMPLIEDVOLATILITYINDEXFORCALLOPTIONS;TR.30DAYATTHEMONEYIMPLIEDVOLATILITYINDEXFORPUTOPTIONS","Frq=D SDate=2016-01-01 EDate=2026-10-16 CH=Fd") -> Date | B3: 30 Day At-The-Money Implied Volatility Index for Call Options | C3: 30 Day At-The-Money Implied Volatility Index for Put Options
A4: 42369 | B4: 22.65 | C4: 22.65
A5: 42373 | B5: 24.56 | C5: 24.56
A6: 42374 | B6: 24.64 | C6: 24.64
A7: 42375 | B7: 25.06 | C7: 25.06
A8: 42376 | B8: 27.94 | C8: 27.94
A9: 42377 | B9: 28.63 | C9: 28.63
A10: 42380 | B10: 27.54 | C10: 27.54
A11: 42381 | B11: 27.58 | C11: 27.58
A12: 42382 | B12: 29.41 | C12: 29.41
A13: 42383 | B13: 27.01 | C13: 27.01
A14: 42384 | B14: 30.09 | C14: 30.09
A15: 42384 | B15: 30.09 | C15: 30.09
... A2819: 46311 | B2819: 44.82 | C2819: 44.82

Sheet JNJ
A1: JNJ | JNJATMIV.U
A3: =_xll.RDP.Data("JNJATMIV.U","TR.30DAYATTHEMONEYIMPLIEDVOLATILITYINDEXFORCALLOPTIONS.date;TR.30DAYATTHEMONEYIMPLIEDVOLATILITYINDEXFORCALLOPTIONS;TR.30DAYATTHEMONEYIMPLIEDVOLATILITYINDEXFORPUTOPTIONS","Frq=D SDate=2016-01-01 EDate=2026-10-16 CH=Fd") -> Asynchronous Query library internal error.

Sheet JPM
A1: JPM | JPMATMIV.U
A3: =_xll.RDP.Data("JPMATMIV.U","TR.30DAYATTHEMONEYIMPLIEDVOLATILITYINDEXFORCALLOPTIONS.date;TR.30DAYATTHEMONEYIMPLIEDVOLATILITYINDEXFORCALLOPTIONS;TR.30DAYATTHEMONEYIMPLIEDVOLATILITYINDEXFORPUTOPTIONS","Frq=D SDate=2016-01-01 EDate=2026-10-16 CH=Fd") -> Date | B3: 30 Day At-The-Money Implied Volatility Index for Call Options | C3: 30 Day At-The-Money Implied Volatility Index for Put Options
A4: 42369 | B4: 20.42 | C4: 20.42
A5: 42373 | B5: 25.71 | C5: 25.71
A6: 42374 | B6: 23.58 | C6: 23.58
A7: 42375 | B7: 25.72 | C7: 25.72
A8: 42376 | B8: 30.97 | C8: 30.97
A9: 42377 | B9: 31.51 | C9: 31.51
A10: 42380 | B10: 29.3 | C10: 29.3
A11: 42381 | B11: 28.29 | C11: 28.29
A12: 42382 | B12: 30.86 | C12: 30.86
A13: 42383 | B13: 25.68 | C13: 25.68
A14: 42384 | B14: 30.17 | C14: 30.17
A15: 42384 | B15: 30.17 | C15: 30.17
... A2819: 46311 | B2819: 22.34 | C2819: 22.34

Sheet KO
A1: KO | KOATMIV.U
A3: =_xll.RDP.Data("KOATMIV.U","TR.30DAYATTHEMONEYIMPLIEDVOLATILITYINDEXFORCALLOPTIONS.date;TR.30DAYATTHEMONEYIMPLIEDVOLATILITYINDEXFORCALLOPTIONS;TR.30DAYATTHEMONEYIMPLIEDVOLATILITYINDEXFORPUTOPTIONS","Frq=D SDate=2016-01-01 EDate=2026-10-16 CH=Fd") -> Date

Sheet MCD
A1: MCD | MCDATMIV.U
A3: =_xll.RDP.Data("MCDATMIV.U","TR.30DAYATTHEMONEYIMPLIEDVOLATILITYINDEXFORCALLOPTIONS.date;TR.30DAYATTHEMONEYIMPLIEDVOLATILITYINDEXFORCALLOPTIONS;TR.30DAYATTHEMONEYIMPLIEDVOLATILITYINDEXFORPUTOPTIONS","Frq=D SDate=2016-01-01 EDate=2026-10-16 CH=Fd") -> Date | B3: 30 Day At-The-Money Implied Volatility Index for Call Options | C3: 30 Day At-The-Money Implied Volatility Index for Put Options
A4: 42369 | B4: 22.56 | C4: 22.56
A5: 42373 | B5: 24.9 | C5: 24.9
A6: 42374 | B6: 24.41 | C6: 24.41
A7: 42375 | B7: 24.66 | C7: 24.66
A8: 42376 | B8: 26.92 | C8: 26.92
A9: 42377 | B9: 26.86 | C9: 26.86
A10: 42380 | B10: 27.32 | C10: 27.32
A11: 42381 | B11: 26.19 | C11: 26.19
A12: 42382 | B12: 27.56 | C12: 27.56
A13: 42383 | B13: 26.4 | C13: 26.4
A14: 42384 | B14: 27.17 | C14: 27.17
A15: 42384 | B15: 27.17 | C15: 27.17
... A2819: 46311 | B2819: 24.99 | C2819: 24.99

Sheet MMM
A1: MMM | MMMATMIV.U
A3: =_xll.RDP.Data("MMMATMIV.U","TR.30DAYATTHEMONEYIMPLIEDVOLATILITYINDEXFORCALLOPTIONS.date;TR.30DAYATTHEMONEYIMPLIEDVOLATILITYINDEXFORCALLOPTIONS;TR.30DAYATTHEMONEYIMPLIEDVOLATILITYINDEXFORPUTOPTIONS","Frq=D SDate=2016-01-01 EDate=2026-10-16 CH=Fd") -> Date | B3: 30 Day At-The-Money Implied Volatility Index for Call Options | C3: 30 Day At-The-Money Implied Volatility Index for Put Options
A4: 42370 | B4: NULL | C4: NULL
A5: 42373 | B5: NULL | C5: NULL
A6: 42374 | B6: NULL | C6: NULL
A7: 42375 | B7: NULL | C7: NULL
A8: 42376 | B8: NULL | C8: NULL
A9: 42377 | B9: NULL | C9: NULL
A10: 42380 | B10: NULL | C10: NULL
A11: 42381 | B11: NULL | C11: NULL
A12: 42382 | B12: NULL | C12: NULL
A13: 42383 | B13: NULL | C13: NULL
A14: 42384 | B14: NULL | C14: NULL
A15: 42387 | B15: NULL | C15: NULL
... A2085: 45285 | B2085: NULL | C2085: NULL
A2086: 45286 | B2086: 24.73 | C2086: 24.73
A2087: 45287 | B2087: 24.81 | C2087: 24.81
A2088: 45288 | B2088: 25.13 | C2088: 25.13
A2089: 45289 | B2089: 24.84 | C2089: 24.84
A2090: 45289 | B2090: 24.84 | C2090: 24.84
A2091: 45293 | B2091: 26.14 | C2091: 26.14
A2092: 45294 | B2092: 26.62 | C2092: 26.62
A2093: 45295 | B2093: 26.74 | C2093: 26.74
A2094: 45296 | B2094: 25.86 | C2094: 25.86
A2095: 45299 | B2095: 25.79 | C2095: 25.79
A2096: 45300 | B2096: 26.77 | C2096: 26.77
A2097: 45301 | B2097: 25.79 | C2097: 25.79
... A2819: 46311 | B2819: 33.89 | C2819: 33.89

Sheet MRK
A1: MRK | MRKATMIV.U
A3: =_xll.RDP.Data("MRKATMIV.U","TR.30DAYATTHEMONEYIMPLIEDVOLATILITYINDEXFORCALLOPTIONS.date;TR.30DAYATTHEMONEYIMPLIEDVOLATILITYINDEXFORCALLOPTIONS;TR.30DAYATTHEMONEYIMPLIEDVOLATILITYINDEXFORPUTOPTIONS","Frq=D SDate=2016-01-01 EDate=2026-10-16 CH=Fd") -> Date | B3: 30 Day At-The-Money Implied Volatility Index for Call Options | C3: 30 Day At-The-Money Implied Volatility Index for Put Options
A4: 42369 | B4: 18.54 | C4: 18.54
A5: 42373 | B5: 21.14 | C5: 21.14
A6: 42374 | B6: 20.86 | C6: 20.86
A7: 42375 | B7: 22.19 | C7: 22.19
A8: 42376 | B8: 24.64 | C8: 24.64
A9: 42377 | B9: 25.47 | C9: 25.47
A10: 42380 | B10: 24.39 | C10: 24.39
A11: 42381 | B11: 22.96 | C11: 22.96
A12: 42382 | B12: 25.56 | C12: 25.56
A13: 42383 | B13: 23.85 | C13: 23.85
A14: 42384 | B14: 25.51 | C14: 25.51
A15: 42384 | B15: 25.51 | C15: 25.51
... A2819: 46311 | B2819: 37.15 | C2819: 37.15

Sheet MSFT
A1: MSFT | MSFTATMIV.U
A3: =_xll.RDP.Data("MSFTATMIV.U","TR.30DAYATTHEMONEYIMPLIEDVOLATILITYINDEXFORCALLOPTIONS.date;TR.30DAYATTHEMONEYIMPLIEDVOLATILITYINDEXFORCALLOPTIONS;TR.30DAYATTHEMONEYIMPLIEDVOLATILITYINDEXFORPUTOPTIONS","Frq=D SDate=2016-01-01 EDate=2026-10-16 CH=Fd") -> Date | B3: 30 Day At-The-Money Implied Volatility Index for Call Options | C3: 30 Day At-The-Money Implied Volatility Index for Put Options
A4: 42369 | B4: 28.08 | C4: 28.08
A5: 42373 | B5: 31.48 | C5: 31.48
A6: 42374 | B6: 30.61 | C6: 30.61
A7: 42375 | B7: 32.08 | C7: 32.08
A8: 42376 | B8: 35.83 | C8: 35.83
A9: 42377 | B9: 36.01 | C9: 36.01
A10: 42380 | B10: 35.05 | C10: 35.05
A11: 42381 | B11: 33.07 | C11: 33.07
A12: 42382 | B12: 35.58 | C12: 35.58
A13: 42383 | B13: 32.97 | C13: 32.97
A14: 42384 | B14: 36.42 | C14: 36.42
A15: 42384 | B15: 36.42 | C15: 36.42
... A2819: 46311 | B2819: 31.9 | C2819: 31.9

Sheet NKE
A1: NKE | NKEATMIV.U
A3: =_xll.RDP.Data("NKEATMIV.U","TR.30DAYATTHEMONEYIMPLIEDVOLATILITYINDEXFORCALLOPTIONS.date;TR.30DAYATTHEMONEYIMPLIEDVOLATILITYINDEXFORCALLOPTIONS;TR.30DAYATTHEMONEYIMPLIEDVOLATILITYINDEXFORPUTOPTIONS","Frq=D SDate=2016-01-01 EDate=2026-10-16 CH=Fd") -> Date | B3: 30 Day At-The-Money Implied Volatility Index for Call Options | C3: 30 Day At-The-Money Implied Volatility Index for Put Options
A4: 42369 | B4: 22.79 | C4: 22.79
A5: 42373 | B5: 23.93 | C5: 23.93
A6: 42374 | B6: 22.74 | C6: 22.74
A7: 42375 | B7: 25.23 | C7: 25.23
A8: 42376 | B8: 27.52 | C8: 27.52
A9: 42377 | B9: 29.05 | C9: 29.05
A10: 42380 | B10: 26.71 | C10: 26.71
A11: 42381 | B11: 25.07 | C11: 25.07
A12: 42382 | B12: 26.96 | C12: 26.96
A13: 42383 | B13: 25.22 | C13: 25.22
A14: 42384 | B14: 28.14 | C14: 28.14
A15: 42384 | B15: 28.14 | C15: 28.14
... A2819: 46311 | B2819: 36.76 | C2819: 36.76

Sheet NVDA
A1: NVDA | NVDAATMIV.U
A3: =_xll.RDP.Data("NVDAATMIV.U","TR.30DAYATTHEMONEYIMPLIEDVOLATILITYINDEXFORCALLOPTIONS.date;TR.30DAYATTHEMONEYIMPLIEDVOLATILITYINDEXFORCALLOPTIONS;TR.30DAYATTHEMONEYIMPLIEDVOLATILITYINDEXFORPUTOPTIONS","Frq=D SDate=2016-01-01 EDate=2026-10-16 CH=Fd") -> Date | B3: 30 Day At-The-Money Implied Volatility Index for Call Options | C3: 30 Day At-The-Money Implied Volatility Index for Put Options
A4: 42369 | B4: 30.93 | C4: 30.93
A5: 42373 | B5: 33.4 | C5: 33.4
A6: 42374 | B6: 32.07 | C6: 32.07
A7: 42375 | B7: 33.9 | C7: 33.9
A8: 42376 | B8: 39.54 | C8: 39.54
A9: 42377 | B9: 38.21 | C9: 38.21
A10: 42380 | B10: 39.35 | C10: 39.35
A11: 42381 | B11: 39.84 | C11: 39.84
A12: 42382 | B12: 43.88 | C12: 43.88
A13: 42383 | B13: 45.25 | C13: 45.25
A14: 42384 | B14: 47.99 | C14: 47.99
A15: 42384 | B15: 47.99 | C15: 47.99
... A2819: 46311 | B2819: 37.12 | C2819: 37.12

Sheet PG
A1: PG | PGATMIV.U
A3: =_xll.RDP.Data("PGATMIV.U","TR.30DAYATTHEMONEYIMPLIEDVOLATILITYINDEXFORCALLOPTIONS.date;TR.30DAYATTHEMONEYIMPLIEDVOLATILITYINDEXFORCALLOPTIONS;TR.30DAYATTHEMONEYIMPLIEDVOLATILITYINDEXFORPUTOPTIONS","Frq=D SDate=2016-01-01 EDate=2026-10-16 CH=Fd") -> Date | B3: 30 Day At-The-Money Implied Volatility Index for Call Options | C3: 30 Day At-The-Money Implied Volatility Index for Put Options
A4: 42369 | B4: 15.94 | C4: 15.94
A5: 42373 | B5: 18.22 | C5: 18.22
A6: 42374 | B6: 17.79 | C6: 17.79
A7: 42375 | B7: 18.53 | C7: 18.53
A8: 42376 | B8: 19.85 | C8: 19.85
A9: 42377 | B9: 21.01 | C9: 21.01
A10: 42380 | B10: 20.47 | C10: 20.47
A11: 42381 | B11: 19.55 | C11: 19.55
A12: 42382 | B12: 20.19 | C12: 20.19
A13: 42383 | B13: 18.96 | C13: 18.96
A14: 42384 | B14: 21.75 | C14: 21.75
A15: 42384 | B15: 21.75 | C15: 21.75
... A2819: 46311 | B2819: 22.16 | C2819: 22.16

Sheet SHW
A1: SHW | SHWATMIV.U
A3: =_xll.RDP.Data("SHWATMIV.U","TR.30DAYATTHEMONEYIMPLIEDVOLATILITYINDEXFORCALLOPTIONS.date;TR.30DAYATTHEMONEYIMPLIEDVOLATILITYINDEXFORCALLOPTIONS;TR.30DAYATTHEMONEYIMPLIEDVOLATILITYINDEXFORPUTOPTIONS","Frq=D SDate=2016-01-01 EDate=2026-10-16 CH=Fd") -> Date | B3: 30 Day At-The-Money Implied Volatility Index for Call Options | C3: 30 Day At-The-Money Implied Volatility Index for Put Options
A4: 42369 | B4: 25.65 | C4: 25.65
A5: 42373 | B5: 26.67 | C5: 26.67
A6: 42374 | B6: 27 | C6: 27
A7: 42375 | B7: 30.1 | C7: 30.1
A8: 42376 | B8: 33.07 | C8: 33.07
A9: 42377 | B9: 32.66 | C9: 32.66
A10: 42380 | B10: 32.08 | C10: 32.08
A11: 42381 | B11: 30.93 | C11: 30.93
A12: 42382 | B12: 32.13 | C12: 32.13
A13: 42383 | B13: 32.43 | C13: 32.43
A14: 42384 | B14: 33.47 | C14: 33.47
A15: 42384 | B15: 33.47 | C15: 33.47
... A2819: 46311 | B2819: 31.42 | C2819: 31.42

Sheet TRV
A1: TRV | TRVATMIV.U
A3: =_xll.RDP.Data("TRVATMIV.U","TR.30DAYATTHEMONEYIMPLIEDVOLATILITYINDEXFORCALLOPTIONS.date;TR.30DAYATTHEMONEYIMPLIEDVOLATILITYINDEXFORCALLOPTIONS;TR.30DAYATTHEMONEYIMPLIEDVOLATILITYINDEXFORPUTOPTIONS","Frq=D SDate=2016-01-01 EDate=2026-10-16 CH=Fd") -> Date | B3: 30 Day At-The-Money Implied Volatility Index for Call Options | C3: 30 Day At-The-Money Implied Volatility Index for Put Options
A4: 42369 | B4: 17.03 | C4: 17.03
A5: 42373 | B5: 20.3 | C5: 20.3
A6: 42374 | B6: 19.19 | C6: 19.19
A7: 42375 | B7: 20.26 | C7: 20.26
A8: 42376 | B8: 23.66 | C8: 23.66
A9: 42377 | B9: 23.67 | C9: 23.67
A10: 42380 | B10: 22.08 | C10: 22.08
A11: 42381 | B11: 20.95 | C11: 20.95
A12: 42382 | B12: 22.43 | C12: 22.43
A13: 42383 | B13: 22.11 | C13: 22.11
A14: 42384 | B14: 23.66 | C14: 23.66
A15: 42384 | B15: 23.66 | C15: 23.66
... A2819: 46311 | B2819: 22.75 | C2819: 22.75

Sheet UNH
A1: UNH | UNHATMIV.U
A3: =_xll.RDP.Data("UNHATMIV.U","TR.30DAYATTHEMONEYIMPLIEDVOLATILITYINDEXFORCALLOPTIONS.date;TR.30DAYATTHEMONEYIMPLIEDVOLATILITYINDEXFORCALLOPTIONS;TR.30DAYATTHEMONEYIMPLIEDVOLATILITYINDEXFORPUTOPTIONS","Frq=D SDate=2016-01-01 EDate=2026-10-16 CH=Fd") -> Date | B3: 30 Day At-The-Money Implied Volatility Index for Call Options | C3: 30 Day At-The-Money Implied Volatility Index for Put Options
A4: 42369 | B4: 24.41 | C4: 24.41
A5: 42373 | B5: 26.33 | C5: 26.33
A6: 42374 | B6: 25.89 | C6: 25.89
A7: 42375 | B7: 27.37 | C7: 27.37
A8: 42376 | B8: 30 | C8: 30
A9: 42377 | B9: 31.31 | C9: 31.31
A10: 42380 | B10: 30.5 | C10: 30.5
A11: 42381 | B11: 28.41 | C11: 28.41
A12: 42382 | B12: 30.74 | C12: 30.74
A13: 42383 | B13: 29.28 | C13: 29.28
A14: 42384 | B14: 31.28 | C14: 31.28
A15: 42384 | B15: 31.28 | C15: 31.28
... A2819: 46311 | B2819: 32.07 | C2819: 32.07

Sheet V
A1: V | VATMIV.U
A3: =_xll.RDP.Data("VATMIV.U","TR.30DAYATTHEMONEYIMPLIEDVOLATILITYINDEXFORCALLOPTIONS.date;TR.30DAYATTHEMONEYIMPLIEDVOLATILITYINDEXFORCALLOPTIONS;TR.30DAYATTHEMONEYIMPLIEDVOLATILITYINDEXFORPUTOPTIONS","Frq=D SDate=2016-01-01 EDate=2026-10-16 CH=Fd") -> Date | B3: 30 Day At-The-Money Implied Volatility Index for Call Options | C3: 30 Day At-The-Money Implied Volatility Index for Put Options
A4: 42369 | B4: 23.3 | C4: 23.3
A5: 42373 | B5: 26.4 | C5: 26.4
A6: 42374 | B6: 26.3 | C6: 26.3
A7: 42375 | B7: 27.03 | C7: 27.03
A8: 42376 | B8: 28.36 | C8: 28.36
A9: 42377 | B9: 29.26 | C9: 29.26
A10: 42380 | B10: 27.84 | C10: 27.84
A11: 42381 | B11: 26.84 | C11: 26.84
A12: 42382 | B12: 28.74 | C12: 28.74
A13: 42383 | B13: 27.18 | C13: 27.18
A14: 42384 | B14: 29.66 | C14: 29.66
A15: 42384 | B15: 29.66 | C15: 29.66
... A2819: 46311 | B2819: 23.87 | C2819: 23.87

Sheet VZ
A1: VZ | VZATMIV.U
A3: =_xll.RDP.Data("VZATMIV.U","TR.30DAYATTHEMONEYIMPLIEDVOLATILITYINDEXFORCALLOPTIONS.date;TR.30DAYATTHEMONEYIMPLIEDVOLATILITYINDEXFORCALLOPTIONS;TR.30DAYATTHEMONEYIMPLIEDVOLATILITYINDEXFORPUTOPTIONS","Frq=D SDate=2016-01-01 EDate=2026-10-16 CH=Fd") -> Date | B3: 30 Day At-The-Money Implied Volatility Index for Call Options | C3: 30 Day At-The-Money Implied Volatility Index for Put Options
A4: 42369 | B4: 16.09 | C4: 16.09
A5: 42373 | B5: 17.94 | C5: 17.94
A6: 42374 | B6: 16.69 | C6: 16.69
A7: 42375 | B7: 18.63 | C7: 18.63
A8: 42376 | B8: 19.5 | C8: 19.5
A9: 42377 | B9: 20.4 | C9: 20.4
A10: 42380 | B10: 18.46 | C10: 18.46
A11: 42381 | B11: 17.92 | C11: 17.92
A12: 42382 | B12: 19.77 | C12: 19.77
A13: 42383 | B13: 18.28 | C13: 18.28
A14: 42384 | B14: 19.88 | C14: 19.88
A15: 42384 | B15: 19.88 | C15: 19.88
... A2819: 46311 | B2819: 28.67 | C2819: 28.67

Sheet WMT
A1: WMT | WMTATMIV.U
A3: =_xll.RDP.Data("WMTATMIV.U","TR.30DAYATTHEMONEYIMPLIEDVOLATILITYINDEXFORCALLOPTIONS.date;TR.30DAYATTHEMONEYIMPLIEDVOLATILITYINDEXFORCALLOPTIONS;TR.30DAYATTHEMONEYIMPLIEDVOLATILITYINDEXFORPUTOPTIONS","Frq=D SDate=2016-01-01 EDate=2026-10-16 CH=Fd") -> Date | B3: 30 Day At-The-Money Implied Volatility Index for Call Options | C3: 30 Day At-The-Money Implied Volatility Index for Put Options
A4: 42369 | B4: 15.69 | C4: 15.69
A5: 42373 | B5: 17.38 | C5: 17.38
A6: 42374 | B6: 17.09 | C6: 17.09
A7: 42375 | B7: 18.16 | C7: 18.16
A8: 42376 | B8: 22.1 | C8: 22.1
A9: 42377 | B9: 21.7 | C9: 21.7
A10: 42380 | B10: 20.65 | C10: 20.65
A11: 42381 | B11: 20.78 | C11: 20.78
A12: 42382 | B12: 21.27 | C12: 21.27
A13: 42383 | B13: 22.25 | C13: 22.25
A14: 42384 | B14: 25.01 | C14: 25.01
A15: 42384 | B15: 25.01 | C15: 25.01
... A2819: 46311 | B2819: 26.49 | C2819: 26.49
