Workbook

Sheet Anleitung
A1: LSEG Implied Volatility Download (30-Tage ATM, Call + Put), Dow 30, 2016 bis heute
A3: 1. LSEG Workspace öffnen und einloggen (Uni-Account).
A4: 2. Diese Datei in Excel öffnen. Der Reiter 'LSEG' bzw. 'Workspace' muss sichtbar sein, dort ggf. einloggen.
A5: 3. Im LSEG-Reiter auf 'Refresh' / 'Refresh All' klicken (oder Strg+Alt+F9).
A6: Zeigt eine Zelle #NAME?: Zelle A3 auf dem Blatt anklicken, F2 drücken, Enter. Dann lädt die Formel.
A7: 4. Warten, bis alle 30 Blätter gefüllt sind. Blatt 'Kontrolle' zeigt pro Aktie die Anzahl Zeilen (Ziel: ca. 2.700).
A8: 5. ALLES ALS WERTE SPEICHERN: Datei > Speichern unter > neue Datei 'LSEG_IV_values.xlsx'.
A9: Dann in der neuen Datei auf jedem Aktien-Blatt: Strg+A, Strg+C, Rechtsklick > Einfügen als Werte.
A10: (Alternative: LSEG-Reiter > 'Convert to values' / 'Remove formulas', falls vorhanden.)
A11: 6. Im Projektordner: python lseg/convert_lseg_excel.py LSEG_IV_values.xlsx -> erzeugt data/lseg/iv.csv
A12: Oder die Datei an Claude schicken.
A14: Hinweise
... A18: - Formel-Aufbau: =RDP.Data(RIC; "TR.30DAYATTHEMONEYIMPLIEDVOLATILITYINDEXFORCALLOPTIONS.date;TR.30DAYATTHEMONEYIMPLIEDVOLATILITYINDEXFORCALLOPTIONS;TR.30DAYATTHEMONEYIMPLIEDVOLATILITYINDEXFORPUTOPTIONS"; "Frq=D SDate=2016-01-01 EDate=2026-10-16 CH=Fd")

Sheet Kontrolle
A1: Ticker | B1: RIC | C1: Zeilen mit Call-IV | D1: Zeilen mit Put-IV
A2: AAPL | B2: AAPLATMIV.U | C2: =COUNT('AAPL'!B:B) | D2: =COUNT('AAPL'!C:C)
A3: AMGN | B3: AMGNATMIV.U | C3: =COUNT('AMGN'!B:B) | D3: =COUNT('AMGN'!C:C)
A4: AMZN | B4: AMZNATMIV.U | C4: =COUNT('AMZN'!B:B) | D4: =COUNT('AMZN'!C:C)
A5: AXP | B5: AXPATMIV.U | C5: =COUNT('AXP'!B:B) | D5: =COUNT('AXP'!C:C)
A6: BA | B6: BAATMIV.U | C6: =COUNT('BA'!B:B) | D6: =COUNT('BA'!C:C)
A7: CAT | B7: CATATMIV.U | C7: =COUNT('CAT'!B:B) | D7: =COUNT('CAT'!C:C)
A8: CRM | B8: CRMATMIV.U | C8: =COUNT('CRM'!B:B) | D8: =COUNT('CRM'!C:C)
A9: CSCO | B9: CSCOATMIV.U | C9: =COUNT('CSCO'!B:B) | D9: =COUNT('CSCO'!C:C)
A10: CVX | B10: CVXATMIV.U | C10: =COUNT('CVX'!B:B) | D10: =COUNT('CVX'!C:C)
A11: DIS | B11: DISATMIV.U | C11: =COUNT('DIS'!B:B) | D11: =COUNT('DIS'!C:C)
A12: GS | B12: GSATMIV.U | C12: =COUNT('GS'!B:B) | D12: =COUNT('GS'!C:C)
A13: HD | B13: HDATMIV.U | C13: =COUNT('HD'!B:B) | D13: =COUNT('HD'!C:C)
A14: HON | B14: HONATMIV.U | C14: =COUNT('HON'!B:B) | D14: =COUNT('HON'!C:C)
A15: IBM | B15: IBMATMIV.U | C15: =COUNT('IBM'!B:B) | D15: =COUNT('IBM'!C:C)
A16: JNJ | B16: JNJATMIV.U | C16: =COUNT('JNJ'!B:B) | D16: =COUNT('JNJ'!C:C)
A17: JPM | B17: JPMATMIV.U | C17: =COUNT('JPM'!B:B) | D17: =COUNT('JPM'!C:C)
A18: KO | B18: KOATMIV.U | C18: =COUNT('KO'!B:B) | D18: =COUNT('KO'!C:C)
A19: MCD | B19: MCDATMIV.U | C19: =COUNT('MCD'!B:B) | D19: =COUNT('MCD'!C:C)
A20: MMM | B20: MMMATMIV.U | C20: =COUNT('MMM'!B:B) | D20: =COUNT('MMM'!C:C)
A21: MRK | B21: MRKATMIV.U | C21: =COUNT('MRK'!B:B) | D21: =COUNT('MRK'!C:C)
A22: MSFT | B22: MSFTATMIV.U | C22: =COUNT('MSFT'!B:B) | D22: =COUNT('MSFT'!C:C)
A23: NKE | B23: NKEATMIV.U | C23: =COUNT('NKE'!B:B) | D23: =COUNT('NKE'!C:C)
A24: NVDA | B24: NVDAATMIV.U | C24: =COUNT('NVDA'!B:B) | D24: =COUNT('NVDA'!C:C)
A25: PG | B25: PGATMIV.U | C25: =COUNT('PG'!B:B) | D25: =COUNT('PG'!C:C)
A26: SHW | B26: SHWATMIV.U | C26: =COUNT('SHW'!B:B) | D26: =COUNT('SHW'!C:C)
A27: TRV | B27: TRVATMIV.U | C27: =COUNT('TRV'!B:B) | D27: =COUNT('TRV'!C:C)
A28: UNH | B28: UNHATMIV.U | C28: =COUNT('UNH'!B:B) | D28: =COUNT('UNH'!C:C)
A29: V | B29: VATMIV.U | C29: =COUNT('V'!B:B) | D29: =COUNT('V'!C:C)
A30: VZ | B30: VZATMIV.U | C30: =COUNT('VZ'!B:B) | D30: =COUNT('VZ'!C:C)
A31: WMT | B31: WMTATMIV.U | C31: =COUNT('WMT'!B:B) | D31: =COUNT('WMT'!C:C)

Sheet AAPL
A1: AAPL | AAPLATMIV.U
A3: =RDP.Data("AAPLATMIV.U","TR.30DAYATTHEMONEYIMPLIEDVOLATILITYINDEXFORCALLOPTIONS.date;TR.30DAYATTHEMONEYIMPLIEDVOLATILITYINDEXFORCALLOPTIONS;TR.30DAYATTHEMONEYIMPLIEDVOLATILITYINDEXFORPUTOPTIONS","Frq=D SDate=2016-01-01 EDate=2026-10-16 CH=Fd")

Sheet AMGN
A1: AMGN | AMGNATMIV.U
A3: =RDP.Data("AMGNATMIV.U","TR.30DAYATTHEMONEYIMPLIEDVOLATILITYINDEXFORCALLOPTIONS.date;TR.30DAYATTHEMONEYIMPLIEDVOLATILITYINDEXFORCALLOPTIONS;TR.30DAYATTHEMONEYIMPLIEDVOLATILITYINDEXFORPUTOPTIONS","Frq=D SDate=2016-01-01 EDate=2026-10-16 CH=Fd")

Sheet AMZN
A1: AMZN | AMZNATMIV.U
A3: =RDP.Data("AMZNATMIV.U","TR.30DAYATTHEMONEYIMPLIEDVOLATILITYINDEXFORCALLOPTIONS.date;TR.30DAYATTHEMONEYIMPLIEDVOLATILITYINDEXFORCALLOPTIONS;TR.30DAYATTHEMONEYIMPLIEDVOLATILITYINDEXFORPUTOPTIONS","Frq=D SDate=2016-01-01 EDate=2026-10-16 CH=Fd")

Sheet AXP
A1: AXP | AXPATMIV.U
A3: =RDP.Data("AXPATMIV.U","TR.30DAYATTHEMONEYIMPLIEDVOLATILITYINDEXFORCALLOPTIONS.date;TR.30DAYATTHEMONEYIMPLIEDVOLATILITYINDEXFORCALLOPTIONS;TR.30DAYATTHEMONEYIMPLIEDVOLATILITYINDEXFORPUTOPTIONS","Frq=D SDate=2016-01-01 EDate=2026-10-16 CH=Fd")

Sheet BA
A1: BA | BAATMIV.U
A3: =RDP.Data("BAATMIV.U","TR.30DAYATTHEMONEYIMPLIEDVOLATILITYINDEXFORCALLOPTIONS.date;TR.30DAYATTHEMONEYIMPLIEDVOLATILITYINDEXFORCALLOPTIONS;TR.30DAYATTHEMONEYIMPLIEDVOLATILITYINDEXFORPUTOPTIONS","Frq=D SDate=2016-01-01 EDate=2026-10-16 CH=Fd")

Sheet CAT
A1: CAT | CATATMIV.U
A3: =RDP.Data("CATATMIV.U","TR.30DAYATTHEMONEYIMPLIEDVOLATILITYINDEXFORCALLOPTIONS.date;TR.30DAYATTHEMONEYIMPLIEDVOLATILITYINDEXFORCALLOPTIONS;TR.30DAYATTHEMONEYIMPLIEDVOLATILITYINDEXFORPUTOPTIONS","Frq=D SDate=2016-01-01 EDate=2026-10-16 CH=Fd")

Sheet CRM
A1: CRM | CRMATMIV.U
A3: =RDP.Data("CRMATMIV.U","TR.30DAYATTHEMONEYIMPLIEDVOLATILITYINDEXFORCALLOPTIONS.date;TR.30DAYATTHEMONEYIMPLIEDVOLATILITYINDEXFORCALLOPTIONS;TR.30DAYATTHEMONEYIMPLIEDVOLATILITYINDEXFORPUTOPTIONS","Frq=D SDate=2016-01-01 EDate=2026-10-16 CH=Fd")

Sheet CSCO
A1: CSCO | CSCOATMIV.U
A3: =RDP.Data("CSCOATMIV.U","TR.30DAYATTHEMONEYIMPLIEDVOLATILITYINDEXFORCALLOPTIONS.date;TR.30DAYATTHEMONEYIMPLIEDVOLATILITYINDEXFORCALLOPTIONS;TR.30DAYATTHEMONEYIMPLIEDVOLATILITYINDEXFORPUTOPTIONS","Frq=D SDate=2016-01-01 EDate=2026-10-16 CH=Fd")

Sheet CVX
A1: CVX | CVXATMIV.U
A3: =RDP.Data("CVXATMIV.U","TR.30DAYATTHEMONEYIMPLIEDVOLATILITYINDEXFORCALLOPTIONS.date;TR.30DAYATTHEMONEYIMPLIEDVOLATILITYINDEXFORCALLOPTIONS;TR.30DAYATTHEMONEYIMPLIEDVOLATILITYINDEXFORPUTOPTIONS","Frq=D SDate=2016-01-01 EDate=2026-10-16 CH=Fd")

Sheet DIS
A1: DIS | DISATMIV.U
A3: =RDP.Data("DISATMIV.U","TR.30DAYATTHEMONEYIMPLIEDVOLATILITYINDEXFORCALLOPTIONS.date;TR.30DAYATTHEMONEYIMPLIEDVOLATILITYINDEXFORCALLOPTIONS;TR.30DAYATTHEMONEYIMPLIEDVOLATILITYINDEXFORPUTOPTIONS","Frq=D SDate=2016-01-01 EDate=2026-10-16 CH=Fd")

Sheet GS
A1: GS | GSATMIV.U
A3: =RDP.Data("GSATMIV.U","TR.30DAYATTHEMONEYIMPLIEDVOLATILITYINDEXFORCALLOPTIONS.date;TR.30DAYATTHEMONEYIMPLIEDVOLATILITYINDEXFORCALLOPTIONS;TR.30DAYATTHEMONEYIMPLIEDVOLATILITYINDEXFORPUTOPTIONS","Frq=D SDate=2016-01-01 EDate=2026-10-16 CH=Fd")

Sheet HD
A1: HD | HDATMIV.U
A3: =RDP.Data("HDATMIV.U","TR.30DAYATTHEMONEYIMPLIEDVOLATILITYINDEXFORCALLOPTIONS.date;TR.30DAYATTHEMONEYIMPLIEDVOLATILITYINDEXFORCALLOPTIONS;TR.30DAYATTHEMONEYIMPLIEDVOLATILITYINDEXFORPUTOPTIONS","Frq=D SDate=2016-01-01 EDate=2026-10-16 CH=Fd")

Sheet HON
A1: HON | HONATMIV.U
A3: =RDP.Data("HONATMIV.U","TR.30DAYATTHEMONEYIMPLIEDVOLATILITYINDEXFORCALLOPTIONS.date;TR.30DAYATTHEMONEYIMPLIEDVOLATILITYINDEXFORCALLOPTIONS;TR.30DAYATTHEMONEYIMPLIEDVOLATILITYINDEXFORPUTOPTIONS","Frq=D SDate=2016-01-01 EDate=2026-10-16 CH=Fd")

Sheet IBM
A1: IBM | IBMATMIV.U
A3: =RDP.Data("IBMATMIV.U","TR.30DAYATTHEMONEYIMPLIEDVOLATILITYINDEXFORCALLOPTIONS.date;TR.30DAYATTHEMONEYIMPLIEDVOLATILITYINDEXFORCALLOPTIONS;TR.30DAYATTHEMONEYIMPLIEDVOLATILITYINDEXFORPUTOPTIONS","Frq=D SDate=2016-01-01 EDate=2026-10-16 CH=Fd")

Sheet JNJ
A1: JNJ | JNJATMIV.U
A3: =RDP.Data("JNJATMIV.U","TR.30DAYATTHEMONEYIMPLIEDVOLATILITYINDEXFORCALLOPTIONS.date;TR.30DAYATTHEMONEYIMPLIEDVOLATILITYINDEXFORCALLOPTIONS;TR.30DAYATTHEMONEYIMPLIEDVOLATILITYINDEXFORPUTOPTIONS","Frq=D SDate=2016-01-01 EDate=2026-10-16 CH=Fd")

Sheet JPM
A1: JPM | JPMATMIV.U
A3: =RDP.Data("JPMATMIV.U","TR.30DAYATTHEMONEYIMPLIEDVOLATILITYINDEXFORCALLOPTIONS.date;TR.30DAYATTHEMONEYIMPLIEDVOLATILITYINDEXFORCALLOPTIONS;TR.30DAYATTHEMONEYIMPLIEDVOLATILITYINDEXFORPUTOPTIONS","Frq=D SDate=2016-01-01 EDate=2026-10-16 CH=Fd")

Sheet KO
A1: KO | KOATMIV.U
A3: =RDP.Data("KOATMIV.U","TR.30DAYATTHEMONEYIMPLIEDVOLATILITYINDEXFORCALLOPTIONS.date;TR.30DAYATTHEMONEYIMPLIEDVOLATILITYINDEXFORCALLOPTIONS;TR.30DAYATTHEMONEYIMPLIEDVOLATILITYINDEXFORPUTOPTIONS","Frq=D SDate=2016-01-01 EDate=2026-10-16 CH=Fd")

Sheet MCD
A1: MCD | MCDATMIV.U
A3: =RDP.Data("MCDATMIV.U","TR.30DAYATTHEMONEYIMPLIEDVOLATILITYINDEXFORCALLOPTIONS.date;TR.30DAYATTHEMONEYIMPLIEDVOLATILITYINDEXFORCALLOPTIONS;TR.30DAYATTHEMONEYIMPLIEDVOLATILITYINDEXFORPUTOPTIONS","Frq=D SDate=2016-01-01 EDate=2026-10-16 CH=Fd")

Sheet MMM
A1: MMM | MMMATMIV.U
A3: =RDP.Data("MMMATMIV.U","TR.30DAYATTHEMONEYIMPLIEDVOLATILITYINDEXFORCALLOPTIONS.date;TR.30DAYATTHEMONEYIMPLIEDVOLATILITYINDEXFORCALLOPTIONS;TR.30DAYATTHEMONEYIMPLIEDVOLATILITYINDEXFORPUTOPTIONS","Frq=D SDate=2016-01-01 EDate=2026-10-16 CH=Fd")

Sheet MRK
A1: MRK | MRKATMIV.U
A3: =RDP.Data("MRKATMIV.U","TR.30DAYATTHEMONEYIMPLIEDVOLATILITYINDEXFORCALLOPTIONS.date;TR.30DAYATTHEMONEYIMPLIEDVOLATILITYINDEXFORCALLOPTIONS;TR.30DAYATTHEMONEYIMPLIEDVOLATILITYINDEXFORPUTOPTIONS","Frq=D SDate=2016-01-01 EDate=2026-10-16 CH=Fd")

Sheet MSFT
A1: MSFT | MSFTATMIV.U
A3: =RDP.Data("MSFTATMIV.U","TR.30DAYATTHEMONEYIMPLIEDVOLATILITYINDEXFORCALLOPTIONS.date;TR.30DAYATTHEMONEYIMPLIEDVOLATILITYINDEXFORCALLOPTIONS;TR.30DAYATTHEMONEYIMPLIEDVOLATILITYINDEXFORPUTOPTIONS","Frq=D SDate=2016-01-01 EDate=2026-10-16 CH=Fd")

Sheet NKE
A1: NKE | NKEATMIV.U
A3: =RDP.Data("NKEATMIV.U","TR.30DAYATTHEMONEYIMPLIEDVOLATILITYINDEXFORCALLOPTIONS.date;TR.30DAYATTHEMONEYIMPLIEDVOLATILITYINDEXFORCALLOPTIONS;TR.30DAYATTHEMONEYIMPLIEDVOLATILITYINDEXFORPUTOPTIONS","Frq=D SDate=2016-01-01 EDate=2026-10-16 CH=Fd")

Sheet NVDA
A1: NVDA | NVDAATMIV.U
A3: =RDP.Data("NVDAATMIV.U","TR.30DAYATTHEMONEYIMPLIEDVOLATILITYINDEXFORCALLOPTIONS.date;TR.30DAYATTHEMONEYIMPLIEDVOLATILITYINDEXFORCALLOPTIONS;TR.30DAYATTHEMONEYIMPLIEDVOLATILITYINDEXFORPUTOPTIONS","Frq=D SDate=2016-01-01 EDate=2026-10-16 CH=Fd")

Sheet PG
A1: PG | PGATMIV.U
A3: =RDP.Data("PGATMIV.U","TR.30DAYATTHEMONEYIMPLIEDVOLATILITYINDEXFORCALLOPTIONS.date;TR.30DAYATTHEMONEYIMPLIEDVOLATILITYINDEXFORCALLOPTIONS;TR.30DAYATTHEMONEYIMPLIEDVOLATILITYINDEXFORPUTOPTIONS","Frq=D SDate=2016-01-01 EDate=2026-10-16 CH=Fd")

Sheet SHW
A1: SHW | SHWATMIV.U
A3: =RDP.Data("SHWATMIV.U","TR.30DAYATTHEMONEYIMPLIEDVOLATILITYINDEXFORCALLOPTIONS.date;TR.30DAYATTHEMONEYIMPLIEDVOLATILITYINDEXFORCALLOPTIONS;TR.30DAYATTHEMONEYIMPLIEDVOLATILITYINDEXFORPUTOPTIONS","Frq=D SDate=2016-01-01 EDate=2026-10-16 CH=Fd")

Sheet TRV
A1: TRV | TRVATMIV.U
A3: =RDP.Data("TRVATMIV.U","TR.30DAYATTHEMONEYIMPLIEDVOLATILITYINDEXFORCALLOPTIONS.date;TR.30DAYATTHEMONEYIMPLIEDVOLATILITYINDEXFORCALLOPTIONS;TR.30DAYATTHEMONEYIMPLIEDVOLATILITYINDEXFORPUTOPTIONS","Frq=D SDate=2016-01-01 EDate=2026-10-16 CH=Fd")

Sheet UNH
A1: UNH | UNHATMIV.U
A3: =RDP.Data("UNHATMIV.U","TR.30DAYATTHEMONEYIMPLIEDVOLATILITYINDEXFORCALLOPTIONS.date;TR.30DAYATTHEMONEYIMPLIEDVOLATILITYINDEXFORCALLOPTIONS;TR.30DAYATTHEMONEYIMPLIEDVOLATILITYINDEXFORPUTOPTIONS","Frq=D SDate=2016-01-01 EDate=2026-10-16 CH=Fd")

Sheet V
A1: V | VATMIV.U
A3: =RDP.Data("VATMIV.U","TR.30DAYATTHEMONEYIMPLIEDVOLATILITYINDEXFORCALLOPTIONS.date;TR.30DAYATTHEMONEYIMPLIEDVOLATILITYINDEXFORCALLOPTIONS;TR.30DAYATTHEMONEYIMPLIEDVOLATILITYINDEXFORPUTOPTIONS","Frq=D SDate=2016-01-01 EDate=2026-10-16 CH=Fd")

Sheet VZ
A1: VZ | VZATMIV.U
A3: =RDP.Data("VZATMIV.U","TR.30DAYATTHEMONEYIMPLIEDVOLATILITYINDEXFORCALLOPTIONS.date;TR.30DAYATTHEMONEYIMPLIEDVOLATILITYINDEXFORCALLOPTIONS;TR.30DAYATTHEMONEYIMPLIEDVOLATILITYINDEXFORPUTOPTIONS","Frq=D SDate=2016-01-01 EDate=2026-10-16 CH=Fd")

Sheet WMT
A1: WMT | WMTATMIV.U
A3: =RDP.Data("WMTATMIV.U","TR.30DAYATTHEMONEYIMPLIEDVOLATILITYINDEXFORCALLOPTIONS.date;TR.30DAYATTHEMONEYIMPLIEDVOLATILITYINDEXFORCALLOPTIONS;TR.30DAYATTHEMONEYIMPLIEDVOLATILITYINDEXFORPUTOPTIONS","Frq=D SDate=2016-01-01 EDate=2026-10-16 CH=Fd")
